Product,City,Country,Season,Date,Quantity,Price
Phone,Manchester,UK,Q3,2023-01-01,7,1648
TV,Manchester,UK,Q3,2023-01-02,1,1615
Phone,Birmingham,UK,Q1,2023-01-03,13,978
Phone,Manchester,UK,Q1,2023-01-04,19,413
TV,Leeds,UK,Q2,2023-01-05,19,1914
TV,London,UK,Q4,2023-01-06,17,1311
Phone,Leeds,UK,Q2,2023-01-07,13,1776
Laptop,London,UK,Q1,2023-01-08,16,600
Phone,London,UK,Q2,2023-01-09,8,787
Phone,Leeds,UK,Q1,2023-01-10,19,1088
Phone,Leeds,UK,Q2,2023-01-11,18,1269
Phone,Leeds,UK,Q1,2023-01-12,1,1895
TV,Leeds,UK,Q1,2023-01-13,14,1686
Phone,Birmingham,UK,Q1,2023-01-14,19,791
Laptop,Manchester,UK,Q4,2023-01-15,15,1533
TV,London,UK,Q2,2023-01-16,18,1309
Laptop,Leeds,UK,Q2,2023-01-17,2,291
Laptop,Leeds,UK,Q2,2023-01-18,17,1883
Laptop,Leeds,UK,Q1,2023-01-19,18,872
Laptop,Birmingham,UK,Q2,2023-01-20,6,913
TV,Leeds,UK,Q2,2023-01-21,19,1135
TV,Leeds,UK,Q1,2023-01-22,4,441
Laptop,Leeds,UK,Q3,2023-01-23,1,201
Laptop,Manchester,UK,Q1,2023-01-24,8,424
TV,Birmingham,UK,Q2,2023-01-25,7,1000
TV,Leeds,UK,Q1,2023-01-26,3,1968
TV,London,UK,Q3,2023-01-27,10,788
Phone,London,UK,Q1,2023-01-28,10,315
Phone,London,UK,Q2,2023-01-29,19,1889
Phone,Birmingham,UK,Q3,2023-01-30,14,1117
Laptop,Birmingham,UK,Q4,2023-01-31,2,1326
Phone,London,UK,Q2,2023-02-01,1,393
Laptop,Leeds,UK,Q3,2023-02-02,18,1389
Laptop,Birmingham,UK,Q3,2023-02-03,7,1070
Phone,London,UK,Q4,2023-02-04,8,289
Laptop,London,UK,Q1,2023-02-05,1,1909
Phone,Leeds,UK,Q1,2023-02-06,3,321
Phone,Manchester,UK,Q2,2023-02-07,8,342
TV,Birmingham,UK,Q4,2023-02-08,15,1193
Phone,Leeds,UK,Q1,2023-02-09,5,305
TV,London,UK,Q4,2023-02-10,3,1086
Phone,London,UK,Q1,2023-02-11,19,627
Phone,Leeds,UK,Q3,2023-02-12,1,1528
TV,Birmingham,UK,Q1,2023-02-13,15,516
TV,Manchester,UK,Q4,2023-02-14,8,834
Phone,Manchester,UK,Q3,2023-02-15,2,208
Laptop,London,UK,Q3,2023-02-16,3,973
TV,Birmingham,UK,Q3,2023-02-17,14,1296
Laptop,Manchester,UK,Q4,2023-02-18,14,1582
Laptop,Birmingham,UK,Q2,2023-02-19,11,422
Laptop,Birmingham,UK,Q2,2023-02-20,16,1639
TV,London,UK,Q2,2023-02-21,4,752
Laptop,Manchester,UK,Q4,2023-02-22,5,1593
TV,Leeds,UK,Q3,2023-02-23,14,915
Laptop,London,UK,Q2,2023-02-24,16,1487
Phone,Manchester,UK,Q4,2023-02-25,18,1913
Phone,Manchester,UK,Q2,2023-02-26,7,1541
TV,Manchester,UK,Q1,2023-02-27,10,1307
Phone,Manchester,UK,Q2,2023-02-28,7,1541
Phone,Manchester,UK,Q2,2023-03-01,1,310
Laptop,Birmingham,UK,Q3,2023-03-02,19,450
TV,London,UK,Q4,2023-03-03,16,582
Laptop,Birmingham,UK,Q3,2023-03-04,19,206
Laptop,Leeds,UK,Q3,2023-03-05,4,658
Laptop,Manchester,UK,Q3,2023-03-06,18,1307
Laptop,London,UK,Q3,2023-03-07,2,407
Laptop,Manchester,UK,Q3,2023-03-08,1,1099
Laptop,London,UK,Q2,2023-03-09,15,1613
Laptop,Birmingham,UK,Q3,2023-03-10,5,1537
TV,London,UK,Q3,2023-03-11,11,221
Phone,Leeds,UK,Q4,2023-03-12,10,609
Laptop,Leeds,UK,Q1,2023-03-13,2,1094
Laptop,London,UK,Q2,2023-03-14,3,714
Laptop,London,UK,Q2,2023-03-15,12,1350
Laptop,London,UK,Q2,2023-03-16,5,1008
Laptop,London,UK,Q3,2023-03-17,5,1923
Laptop,Leeds,UK,Q3,2023-03-18,6,1073
Phone,Manchester,UK,Q3,2023-03-19,9,213
Phone,London,UK,Q4,2023-03-20,2,1170
Laptop,London,UK,Q1,2023-03-21,12,1177
Phone,Leeds,UK,Q3,2023-03-22,3,1213
TV,Leeds,UK,Q1,2023-03-23,12,1235
Laptop,Birmingham,UK,Q4,2023-03-24,17,286
TV,London,UK,Q2,2023-03-25,10,1747
TV,Birmingham,UK,Q3,2023-03-26,14,1108
Laptop,Leeds,UK,Q1,2023-03-27,17,1760
Phone,Leeds,UK,Q1,2023-03-28,18,1524
TV,Manchester,UK,Q3,2023-03-29,19,1466
Laptop,London,UK,Q2,2023-03-30,17,321
TV,Birmingham,UK,Q2,2023-03-31,14,1370
TV,Leeds,UK,Q2,2023-04-01,9,1790
TV,Leeds,UK,Q4,2023-04-02,8,949
TV,Birmingham,UK,Q1,2023-04-03,2,1579
Phone,Manchester,UK,Q1,2023-04-04,13,884
TV,Leeds,UK,Q1,2023-04-05,7,1956
TV,London,UK,Q4,2023-04-06,9,1854
TV,Leeds,UK,Q1,2023-04-07,11,508
Phone,London,UK,Q4,2023-04-08,14,894
TV,Birmingham,UK,Q2,2023-04-09,4,487
TV,London,UK,Q3,2023-04-10,13,506
Phone,Birmingham,UK,Q1,2023-04-11,2,1817
Phone,London,UK,Q1,2023-04-12,5,1113
Phone,Birmingham,UK,Q2,2023-04-13,11,1946
TV,London,UK,Q3,2023-04-14,6,861
Phone,Manchester,UK,Q4,2023-04-15,18,748
Phone,London,UK,Q3,2023-04-16,10,1575
TV,London,UK,Q2,2023-04-17,4,511
Phone,Manchester,UK,Q2,2023-04-18,9,1072
TV,Leeds,UK,Q3,2023-04-19,6,1282
Laptop,Leeds,UK,Q4,2023-04-20,2,1866
Phone,London,UK,Q4,2023-04-21,17,1123
Laptop,Manchester,UK,Q1,2023-04-22,5,1937
TV,London,UK,Q4,2023-04-23,6,954
Phone,Birmingham,UK,Q3,2023-04-24,12,234
TV,Birmingham,UK,Q2,2023-04-25,10,644
Laptop,London,UK,Q1,2023-04-26,6,292
TV,Leeds,UK,Q1,2023-04-27,8,1430
Phone,Leeds,UK,Q2,2023-04-28,2,552
Phone,London,UK,Q4,2023-04-29,12,1102
Laptop,London,UK,Q2,2023-04-30,13,1555
TV,Birmingham,UK,Q4,2023-05-01,7,1061
Phone,Leeds,UK,Q2,2023-05-02,10,1948
Laptop,London,UK,Q3,2023-05-03,13,358
Phone,Birmingham,UK,Q4,2023-05-04,17,1156
Phone,Leeds,UK,Q3,2023-05-05,14,223
TV,Manchester,UK,Q1,2023-05-06,2,603
Phone,Birmingham,UK,Q2,2023-05-07,11,1004
TV,Leeds,UK,Q1,2023-05-08,1,715
Phone,Leeds,UK,Q1,2023-05-09,19,931
Laptop,Birmingham,UK,Q1,2023-05-10,4,1587
Phone,Manchester,UK,Q1,2023-05-11,19,1605
TV,Birmingham,UK,Q2,2023-05-12,11,731
TV,Leeds,UK,Q1,2023-05-13,8,1155
Laptop,London,UK,Q2,2023-05-14,11,351
Phone,London,UK,Q2,2023-05-15,4,1785
Phone,Birmingham,UK,Q3,2023-05-16,17,1912
Laptop,Leeds,UK,Q4,2023-05-17,7,1146
Phone,London,UK,Q4,2023-05-18,8,807
Phone,Leeds,UK,Q2,2023-05-19,3,1840
TV,Birmingham,UK,Q3,2023-05-20,2,619
Phone,London,UK,Q2,2023-05-21,15,1473
Phone,Leeds,UK,Q2,2023-05-22,5,1340
Laptop,London,UK,Q2,2023-05-23,1,1065
Laptop,Birmingham,UK,Q3,2023-05-24,4,1735
TV,Leeds,UK,Q4,2023-05-25,15,1963
Phone,London,UK,Q3,2023-05-26,19,777
Phone,Birmingham,UK,Q1,2023-05-27,3,534
Phone,London,UK,Q3,2023-05-28,11,1641
TV,London,UK,Q3,2023-05-29,17,1131
TV,Manchester,UK,Q3,2023-05-30,13,1997
Laptop,Manchester,UK,Q3,2023-05-31,11,494
TV,Birmingham,UK,Q4,2023-06-01,2,954
Phone,Manchester,UK,Q1,2023-06-02,9,1594
Phone,Birmingham,UK,Q4,2023-06-03,2,385
TV,Manchester,UK,Q4,2023-06-04,9,1469
Phone,London,UK,Q3,2023-06-05,9,836
Phone,Birmingham,UK,Q2,2023-06-06,8,1491
TV,Birmingham,UK,Q2,2023-06-07,17,1866
TV,London,UK,Q4,2023-06-08,1,1460
Phone,Birmingham,UK,Q4,2023-06-09,11,729
Phone,Birmingham,UK,Q3,2023-06-10,8,1775
Phone,Manchester,UK,Q4,2023-06-11,10,220
Laptop,Birmingham,UK,Q3,2023-06-12,7,1110
Laptop,Leeds,UK,Q2,2023-06-13,3,1960
Laptop,London,UK,Q2,2023-06-14,3,1066
TV,Manchester,UK,Q1,2023-06-15,18,993
Laptop,Manchester,UK,Q2,2023-06-16,5,1743
TV,Leeds,UK,Q4,2023-06-17,12,299
TV,London,UK,Q2,2023-06-18,12,951
Laptop,London,UK,Q3,2023-06-19,19,677
Laptop,Manchester,UK,Q2,2023-06-20,6,1822
Laptop,Birmingham,UK,Q1,2023-06-21,2,1521
Phone,Manchester,UK,Q2,2023-06-22,12,1139
Laptop,London,UK,Q3,2023-06-23,19,725
Phone,Leeds,UK,Q3,2023-06-24,5,533
TV,Manchester,UK,Q4,2023-06-25,12,201
Phone,London,UK,Q2,2023-06-26,17,574
Laptop,Manchester,UK,Q3,2023-06-27,17,492
TV,Birmingham,UK,Q1,2023-06-28,10,1036
TV,Manchester,UK,Q4,2023-06-29,17,1204
TV,Manchester,UK,Q1,2023-06-30,15,752
Phone,London,UK,Q2,2023-07-01,12,517
Laptop,London,UK,Q2,2023-07-02,16,1725
TV,London,UK,Q2,2023-07-03,19,580
TV,Manchester,UK,Q4,2023-07-04,8,1846
TV,Birmingham,UK,Q3,2023-07-05,17,213
Phone,Leeds,UK,Q4,2023-07-06,5,703
Phone,Leeds,UK,Q1,2023-07-07,16,430
Laptop,London,UK,Q4,2023-07-08,6,1307
Phone,London,UK,Q1,2023-07-09,8,329
TV,Manchester,UK,Q4,2023-07-10,18,1966
Laptop,Leeds,UK,Q3,2023-07-11,12,1037
TV,London,UK,Q1,2023-07-12,15,1368
TV,Birmingham,UK,Q2,2023-07-13,9,1090
Phone,Birmingham,UK,Q2,2023-07-14,13,227
Laptop,London,UK,Q4,2023-07-15,15,265
Phone,London,UK,Q2,2023-07-16,10,1386
Phone,Leeds,UK,Q1,2023-07-17,16,1452
Laptop,Leeds,UK,Q2,2023-07-18,7,460
TV,Manchester,UK,Q3,2023-07-19,17,1672
TV,Leeds,UK,Q3,2023-07-20,7,1647
Laptop,Birmingham,UK,Q4,2023-07-21,14,659
TV,Birmingham,UK,Q1,2023-07-22,15,1899
Laptop,London,UK,Q3,2023-07-23,7,500
Laptop,Leeds,UK,Q3,2023-07-24,9,1118
Phone,Manchester,UK,Q1,2023-07-25,19,1526
Laptop,Birmingham,UK,Q2,2023-07-26,16,486
Phone,Birmingham,UK,Q2,2023-07-27,8,1618
TV,Manchester,UK,Q4,2023-07-28,18,1233
TV,Manchester,UK,Q2,2023-07-29,18,1930
TV,Birmingham,UK,Q1,2023-07-30,7,829
TV,Birmingham,UK,Q3,2023-07-31,3,469
Phone,Manchester,UK,Q2,2023-08-01,18,791
TV,Birmingham,UK,Q4,2023-08-02,10,1828
Laptop,London,UK,Q2,2023-08-03,7,1043
Laptop,London,UK,Q1,2023-08-04,17,1061
Laptop,Manchester,UK,Q4,2023-08-05,14,1584
Phone,Leeds,UK,Q2,2023-08-06,3,1480
TV,Manchester,UK,Q4,2023-08-07,12,332
TV,Manchester,UK,Q1,2023-08-08,13,1499
TV,Leeds,UK,Q3,2023-08-09,2,1999
Phone,Leeds,UK,Q1,2023-08-10,3,1906
Laptop,Leeds,UK,Q1,2023-08-11,5,1171
Laptop,London,UK,Q1,2023-08-12,11,712
TV,Birmingham,UK,Q1,2023-08-13,8,512
Laptop,London,UK,Q3,2023-08-14,12,775
Laptop,Birmingham,UK,Q3,2023-08-15,7,1085
Phone,London,UK,Q4,2023-08-16,15,1507
Phone,Birmingham,UK,Q2,2023-08-17,17,1344
Phone,London,UK,Q3,2023-08-18,4,1330
Phone,Leeds,UK,Q3,2023-08-19,13,886
TV,Manchester,UK,Q2,2023-08-20,18,1427
Phone,London,UK,Q3,2023-08-21,1,364
Laptop,Birmingham,UK,Q1,2023-08-22,16,504
TV,Leeds,UK,Q1,2023-08-23,13,1720
Laptop,London,UK,Q2,2023-08-24,10,1855
Laptop,London,UK,Q4,2023-08-25,12,1779
Laptop,Leeds,UK,Q4,2023-08-26,2,355
Phone,London,UK,Q2,2023-08-27,3,1590
Phone,Manchester,UK,Q2,2023-08-28,10,1942
TV,London,UK,Q1,2023-08-29,2,819
TV,Manchester,UK,Q4,2023-08-30,13,1474
Phone,Manchester,UK,Q3,2023-08-31,13,1156
Laptop,Leeds,UK,Q1,2023-09-01,18,533
TV,London,UK,Q2,2023-09-02,3,1865
Phone,Leeds,UK,Q4,2023-09-03,7,1168
Phone,London,UK,Q3,2023-09-04,14,710
Phone,London,UK,Q3,2023-09-05,17,1516
Laptop,Birmingham,UK,Q1,2023-09-06,12,1243
Phone,London,UK,Q4,2023-09-07,16,481
Phone,Leeds,UK,Q4,2023-09-08,12,996
Phone,Manchester,UK,Q2,2023-09-09,15,1224
Phone,London,UK,Q4,2023-09-10,10,318
TV,Birmingham,UK,Q4,2023-09-11,7,1258
TV,Leeds,UK,Q1,2023-09-12,5,397
Phone,London,UK,Q4,2023-09-13,1,684
Laptop,Leeds,UK,Q3,2023-09-14,17,1980
TV,Birmingham,UK,Q1,2023-09-15,3,1282
Phone,Birmingham,UK,Q1,2023-09-16,13,1036
TV,Leeds,UK,Q2,2023-09-17,14,1384
TV,London,UK,Q4,2023-09-18,18,1208
Laptop,Manchester,UK,Q2,2023-09-19,4,890
Phone,Birmingham,UK,Q3,2023-09-20,18,1429
Phone,London,UK,Q1,2023-09-21,5,1235
Laptop,London,UK,Q1,2023-09-22,16,689
Laptop,Manchester,UK,Q1,2023-09-23,1,475
Phone,Birmingham,UK,Q3,2023-09-24,14,892
Phone,Birmingham,UK,Q3,2023-09-25,15,441
Laptop,London,UK,Q2,2023-09-26,9,1439
TV,London,UK,Q2,2023-09-27,15,1474
TV,Manchester,UK,Q2,2023-09-28,17,325
Laptop,Manchester,UK,Q4,2023-09-29,4,416
TV,Birmingham,UK,Q1,2023-09-30,12,1529
Laptop,Leeds,UK,Q1,2023-10-01,5,1408
TV,Birmingham,UK,Q2,2023-10-02,5,1262
TV,London,UK,Q1,2023-10-03,11,1446
Phone,Birmingham,UK,Q2,2023-10-04,6,1407
Phone,Leeds,UK,Q4,2023-10-05,7,694
TV,Manchester,UK,Q4,2023-10-06,14,626
TV,Leeds,UK,Q3,2023-10-07,11,1401
Phone,Leeds,UK,Q4,2023-10-08,13,1118
Phone,Leeds,UK,Q2,2023-10-09,2,1651
Phone,Manchester,UK,Q4,2023-10-10,7,1517
Laptop,Leeds,UK,Q3,2023-10-11,4,350
TV,Leeds,UK,Q1,2023-10-12,8,583
Phone,Leeds,UK,Q2,2023-10-13,19,1861
TV,London,UK,Q1,2023-10-14,13,507
Laptop,Leeds,UK,Q3,2023-10-15,14,1559
Laptop,Manchester,UK,Q3,2023-10-16,10,945
Phone,Leeds,UK,Q3,2023-10-17,11,1091
Laptop,Leeds,UK,Q1,2023-10-18,2,574
TV,Manchester,UK,Q1,2023-10-19,9,1231
Phone,Leeds,UK,Q1,2023-10-20,17,1564
TV,Manchester,UK,Q1,2023-10-21,3,328
TV,Leeds,UK,Q3,2023-10-22,6,1214
Laptop,Manchester,UK,Q3,2023-10-23,5,1999
Laptop,Leeds,UK,Q2,2023-10-24,5,868
Laptop,Leeds,UK,Q2,2023-10-25,15,1575
Laptop,London,UK,Q1,2023-10-26,17,1581
Laptop,London,UK,Q4,2023-10-27,9,716
Phone,Leeds,UK,Q4,2023-10-28,3,1718
TV,Leeds,UK,Q3,2023-10-29,17,285
TV,Birmingham,UK,Q3,2023-10-30,10,1398
TV,Manchester,UK,Q3,2023-10-31,3,1416
TV,Birmingham,UK,Q2,2023-11-01,18,510
Laptop,London,UK,Q2,2023-11-02,18,1342
TV,London,UK,Q3,2023-11-03,17,1441
Phone,London,UK,Q3,2023-11-04,3,626
Phone,London,UK,Q3,2023-11-05,3,1637
TV,Leeds,UK,Q4,2023-11-06,6,313
TV,London,UK,Q2,2023-11-07,13,1368
Phone,Leeds,UK,Q4,2023-11-08,15,1761
Phone,Leeds,UK,Q4,2023-11-09,9,1871
Laptop,London,UK,Q3,2023-11-10,4,502
Phone,London,UK,Q3,2023-11-11,14,943
Laptop,Manchester,UK,Q1,2023-11-12,5,787
Laptop,Birmingham,UK,Q1,2023-11-13,2,1186
Laptop,London,UK,Q4,2023-11-14,11,544
Laptop,Manchester,UK,Q2,2023-11-15,9,1013
Laptop,Manchester,UK,Q3,2023-11-16,3,1000
TV,Birmingham,UK,Q3,2023-11-17,9,1224
Phone,Leeds,UK,Q4,2023-11-18,3,1370
Laptop,London,UK,Q1,2023-11-19,2,1510
Phone,Birmingham,UK,Q2,2023-11-20,12,1877
Phone,London,UK,Q1,2023-11-21,10,1276
Laptop,Manchester,UK,Q1,2023-11-22,9,1527
TV,Manchester,UK,Q1,2023-11-23,15,1292
Laptop,Leeds,UK,Q1,2023-11-24,8,560
TV,Manchester,UK,Q3,2023-11-25,5,1825
Phone,Manchester,UK,Q3,2023-11-26,11,1443
TV,Birmingham,UK,Q1,2023-11-27,2,1209
TV,London,UK,Q2,2023-11-28,15,903
TV,London,UK,Q4,2023-11-29,6,774
Phone,Birmingham,UK,Q2,2023-11-30,8,1808
Phone,Leeds,UK,Q2,2023-12-01,5,1384
TV,London,UK,Q2,2023-12-02,16,1904
TV,Manchester,UK,Q1,2023-12-03,18,1312
Laptop,London,UK,Q3,2023-12-04,6,887
TV,Manchester,UK,Q2,2023-12-05,5,980
Laptop,Leeds,UK,Q1,2023-12-06,16,784
TV,Birmingham,UK,Q2,2023-12-07,13,1980
Laptop,London,UK,Q2,2023-12-08,5,788
Phone,Birmingham,UK,Q1,2023-12-09,13,1382
TV,London,UK,Q3,2023-12-10,17,688
TV,Manchester,UK,Q3,2023-12-11,18,1170
TV,Birmingham,UK,Q4,2023-12-12,8,1547
TV,London,UK,Q1,2023-12-13,13,1833
Laptop,Manchester,UK,Q4,2023-12-14,19,1604
TV,Birmingham,UK,Q4,2023-12-15,3,1325
Phone,Birmingham,UK,Q4,2023-12-16,8,693
Phone,London,UK,Q3,2023-12-17,2,1867
TV,London,UK,Q1,2023-12-18,8,1837
Phone,London,UK,Q4,2023-12-19,13,218
TV,Manchester,UK,Q1,2023-12-20,13,1677
TV,London,UK,Q1,2023-12-21,1,1705
Phone,Birmingham,UK,Q3,2023-12-22,6,1817
TV,Birmingham,UK,Q4,2023-12-23,19,596
Phone,London,UK,Q4,2023-12-24,16,1200
Laptop,London,UK,Q1,2023-12-25,8,1502
TV,Leeds,UK,Q2,2023-12-26,1,1050
Laptop,Birmingham,UK,Q3,2023-12-27,16,1588
Phone,Manchester,UK,Q3,2023-12-28,9,1554
Laptop,Leeds,UK,Q3,2023-12-29,13,1864
Laptop,London,UK,Q3,2023-12-30,11,1567
Phone,London,UK,Q4,2023-12-31,13,1021
Laptop,Birmingham,UK,Q4,2024-01-01,10,654
Laptop,London,UK,Q2,2024-01-02,4,1824
Phone,Manchester,UK,Q3,2024-01-03,6,924
Laptop,Birmingham,UK,Q3,2024-01-04,7,1878
Phone,London,UK,Q1,2024-01-05,5,1288
Laptop,Birmingham,UK,Q4,2024-01-06,11,1299
Phone,London,UK,Q3,2024-01-07,13,910
Phone,London,UK,Q2,2024-01-08,19,342
Laptop,London,UK,Q2,2024-01-09,10,1116
Laptop,Manchester,UK,Q4,2024-01-10,10,1027
Laptop,Manchester,UK,Q2,2024-01-11,11,804
TV,Birmingham,UK,Q2,2024-01-12,7,1696
TV,London,UK,Q4,2024-01-13,18,1640
TV,London,UK,Q3,2024-01-14,4,504
Phone,Manchester,UK,Q3,2024-01-15,2,935
Laptop,London,UK,Q2,2024-01-16,14,1720
Phone,Manchester,UK,Q2,2024-01-17,13,490
TV,London,UK,Q3,2024-01-18,12,301
Laptop,Birmingham,UK,Q4,2024-01-19,7,1490
Phone,London,UK,Q2,2024-01-20,2,1066
Laptop,London,UK,Q1,2024-01-21,13,1167
Phone,Leeds,UK,Q4,2024-01-22,14,1845
Laptop,Manchester,UK,Q2,2024-01-23,17,1173
TV,London,UK,Q2,2024-01-24,9,1041
TV,London,UK,Q1,2024-01-25,17,1161
Laptop,Leeds,UK,Q1,2024-01-26,8,1141
Phone,Leeds,UK,Q3,2024-01-27,2,1226
TV,Manchester,UK,Q4,2024-01-28,13,284
TV,Leeds,UK,Q4,2024-01-29,3,527
TV,Birmingham,UK,Q3,2024-01-30,16,1015
Laptop,Leeds,UK,Q4,2024-01-31,6,1673
Laptop,Birmingham,UK,Q4,2024-02-01,19,653
Phone,Manchester,UK,Q4,2024-02-02,7,828
Phone,Manchester,UK,Q4,2024-02-03,10,1444
Phone,Manchester,UK,Q4,2024-02-04,9,1377
Laptop,Manchester,UK,Q1,2024-02-05,2,864
Laptop,Manchester,UK,Q4,2024-02-06,15,211
Phone,Birmingham,UK,Q1,2024-02-07,5,1356
Phone,Birmingham,UK,Q4,2024-02-08,4,503
Laptop,Manchester,UK,Q3,2024-02-09,4,1516
Phone,Leeds,UK,Q2,2024-02-10,18,1174
TV,London,UK,Q1,2024-02-11,4,1523
Laptop,Manchester,UK,Q4,2024-02-12,17,1963
Phone,Leeds,UK,Q3,2024-02-13,12,982
Laptop,London,UK,Q2,2024-02-14,17,242
TV,Manchester,UK,Q1,2024-02-15,10,1143
Laptop,Manchester,UK,Q2,2024-02-16,1,542
Laptop,Birmingham,UK,Q3,2024-02-17,18,1549
Laptop,London,UK,Q1,2024-02-18,18,697
Laptop,London,UK,Q2,2024-02-19,14,563
TV,Leeds,UK,Q4,2024-02-20,15,1090
Laptop,Birmingham,UK,Q1,2024-02-21,12,626
Laptop,Birmingham,UK,Q2,2024-02-22,4,1204
Phone,Birmingham,UK,Q3,2024-02-23,3,220
Laptop,Birmingham,UK,Q3,2024-02-24,12,606
Phone,London,UK,Q1,2024-02-25,7,818
TV,London,UK,Q2,2024-02-26,11,1214
TV,Manchester,UK,Q1,2024-02-27,1,535
TV,Manchester,UK,Q1,2024-02-28,6,1340
TV,Birmingham,UK,Q2,2024-02-29,15,1347
Phone,Birmingham,UK,Q2,2024-03-01,15,598
Laptop,Birmingham,UK,Q4,2024-03-02,19,992
TV,Manchester,UK,Q2,2024-03-03,11,914
Laptop,Leeds,UK,Q3,2024-03-04,2,250
Phone,Leeds,UK,Q1,2024-03-05,14,523
Phone,Manchester,UK,Q1,2024-03-06,2,988
Phone,Manchester,UK,Q3,2024-03-07,4,340
TV,Manchester,UK,Q2,2024-03-08,17,669
Laptop,Manchester,UK,Q3,2024-03-09,3,986
Laptop,Manchester,UK,Q3,2024-03-10,13,1557
Laptop,Manchester,UK,Q4,2024-03-11,9,1163
Phone,Birmingham,UK,Q3,2024-03-12,7,1207
TV,Birmingham,UK,Q1,2024-03-13,15,572
Phone,Birmingham,UK,Q3,2024-03-14,11,1787
Phone,Birmingham,UK,Q1,2024-03-15,2,693
Laptop,Manchester,UK,Q1,2024-03-16,15,1762
Phone,Leeds,UK,Q1,2024-03-17,14,1892
Laptop,London,UK,Q2,2024-03-18,11,950
TV,Manchester,UK,Q4,2024-03-19,3,1379
Laptop,London,UK,Q1,2024-03-20,17,490
TV,Leeds,UK,Q1,2024-03-21,12,1871
Laptop,Birmingham,UK,Q2,2024-03-22,15,1367
Phone,Leeds,UK,Q1,2024-03-23,16,305
Phone,Manchester,UK,Q3,2024-03-24,5,1643
TV,Birmingham,UK,Q3,2024-03-25,6,869
TV,Manchester,UK,Q4,2024-03-26,19,1881
TV,Birmingham,UK,Q1,2024-03-27,5,201
Laptop,London,UK,Q2,2024-03-28,3,788
Laptop,London,UK,Q3,2024-03-29,1,843
TV,London,UK,Q2,2024-03-30,6,289
Phone,Leeds,UK,Q2,2024-03-31,15,1568
Laptop,Manchester,UK,Q3,2024-04-01,2,549
Laptop,Leeds,UK,Q2,2024-04-02,3,1682
Laptop,London,UK,Q3,2024-04-03,17,1486
TV,Manchester,UK,Q2,2024-04-04,12,1574
TV,London,UK,Q3,2024-04-05,18,1331
TV,Leeds,UK,Q1,2024-04-06,15,1809
TV,Leeds,UK,Q4,2024-04-07,12,1262
TV,Leeds,UK,Q3,2024-04-08,16,1108
Phone,London,UK,Q3,2024-04-09,8,358
Phone,Manchester,UK,Q4,2024-04-10,14,1806
TV,Manchester,UK,Q3,2024-04-11,17,1158
Laptop,London,UK,Q3,2024-04-12,8,511
TV,Manchester,UK,Q2,2024-04-13,15,1464
Phone,London,UK,Q4,2024-04-14,14,644
Phone,Manchester,UK,Q1,2024-04-15,18,497
Laptop,Birmingham,UK,Q3,2024-04-16,7,1151
Phone,Birmingham,UK,Q4,2024-04-17,3,235
TV,Leeds,UK,Q2,2024-04-18,12,1307
Laptop,Birmingham,UK,Q1,2024-04-19,3,1675
TV,Birmingham,UK,Q4,2024-04-20,14,1998
TV,Birmingham,UK,Q1,2024-04-21,15,1608
Laptop,London,UK,Q1,2024-04-22,14,1395
TV,Birmingham,UK,Q1,2024-04-23,7,1599
Phone,Birmingham,UK,Q3,2024-04-24,17,1908
TV,Leeds,UK,Q3,2024-04-25,12,1585
Laptop,Birmingham,UK,Q2,2024-04-26,4,758
Laptop,Birmingham,UK,Q2,2024-04-27,9,1090
Laptop,Manchester,UK,Q4,2024-04-28,6,340
TV,Leeds,UK,Q2,2024-04-29,16,1086
Laptop,Leeds,UK,Q1,2024-04-30,2,1341
Laptop,Leeds,UK,Q1,2024-05-01,8,1500
TV,Leeds,UK,Q3,2024-05-02,11,925
Phone,Leeds,UK,Q1,2024-05-03,13,1443
TV,Leeds,UK,Q4,2024-05-04,17,1249
Laptop,London,UK,Q1,2024-05-05,8,720
Laptop,Birmingham,UK,Q1,2024-05-06,18,209
TV,Leeds,UK,Q4,2024-05-07,18,1183
Phone,Birmingham,UK,Q2,2024-05-08,14,577
Laptop,Birmingham,UK,Q2,2024-05-09,15,1856
Laptop,London,UK,Q4,2024-05-10,6,1860
Laptop,Leeds,UK,Q3,2024-05-11,11,881
TV,Manchester,UK,Q1,2024-05-12,13,783
Laptop,London,UK,Q4,2024-05-13,1,351
Phone,Manchester,UK,Q1,2024-05-14,6,919
